,,,,,,,,,,,,,,,Total Utilization (Gbps),"2,022"
,IP Utilization,,,,,,,,,,,,,,Lit Capacity (Gbps),"5,820"
,"Total Active Capacity
(Gbps)",UTILIZATION,,,,,,,,,,,,,% Utilization (Peak),34.74%
IPOP,5820,32.03%,,,,,,,,,,,,,Useable Capacity (Gbps),"3,770"
,,,,,,,,,,,,,,,% Utilization (Peak),53.62%
SITE,CABLE,A Side,Port A Side,Z Side,Port B Side,BEARER ID,Globe Circuit ID,Handover Document,Trunk Type,Link,Total Capacity (Mbps),Total Capacity (Gbps),Utilization,Remarks,Available Capacity (Gbps),Utilization (Gbps)
HONGKONG,C2C,NASGBU-DRRTR-001,1/1/c10,HKGMEG-BRRTR-003,4/1/c1,GLB-C2C-MNL-HK-4-100G,IH-ATZ-2219,BTG HKG IPL 9597950,IP,NSG-HKG3-2,100000,100,0%,Down due to C2C Outage,0,0.00000
HONGKONG,C2C,NASGBU-DRRTR-001,10/1/1,HKGMEG-BRRTR-003,1/1/c1,GLB-C2C-MNL-HK-1-100G,IH-ASZ-8800,BTG HKG IPL 9597950,IP,NSG-HKG3-3,100000,100,0%,Down due to C2C Outage,0,0.00000
HONGKONG,C2C,NASGBU-DRRTR-001,5/1/c6,HKGMEG-BRRTR-003,6/1/c1,GLB-C2C-MNL-HK-6-100G,IH-ATZ-2221,BTG HKG IPL 9597950,IP,NSG-HKG3-4,100000,100,0%,Down due to C2C Outage,0,0.00000
HONGKONG,C2C,NASGBU-DRRTR-001,5/2/c2,HKGMEG-BRRTR-003,7/1/c1,GLB-C2C-MNL-HK-7-100G,IH-ATZ-2222,BTG HKG IPL 9597950,IP,NASDR1-HKGBR3-5,100000,100,0%,Down due to C2C Outage,0,0.00000
HONGKONG,C2C,NASGBU-DRRTR-001,8/1/c1,HKGMEG-BRRTR-003,5/1/c1,GLB-C2C-MNL-HK-5-100G,IH-ATZ-2220,BTG HKG IPL 9597950,IP,NASDR1-HKGBR3-6,100000,100,0%,Down due to C2C Outage,0,0.00000
HONGKONG,C2C,NASGBU-DRRTR-002,1/1/2,HKGMEG-BRRTR-003,2/2/c1,GLB-C2C-MNL-HK-2-100G,IH-ASZ-8801,BTG HKG IPL 9597950,IP,NASDR2-HKGBR3-8,100000,100,0%,Down due to C2C Outage,0,0.00000
HONGKONG,C2C,NASGBU-DRRTR-002,2/1/3,HKGMEG-BRRTR-003,2/2/c3,GLB-C2C-MNL-HK-3-100G,IH-ASZ-8802,BTG HKG IPL 9597950,IP,NASDR2-HKGBR3-9,100000,100,0%,Down due to C2C Outage,0,0.00000
HONGKONG,C2C,NASGBU-DRRTR-002,8/1/c5,HKGMEG-BRRTR-003,4/2/c3,GLB-C2C-MNL-HK-9-100G,IH-ATZ-7470,BTG HKG IPL 9597950,IP,NASDR2-HKGBR3-10,100000,100,0%,Down due to C2C Outage,0,0.00000
HONGKONG,C2C,NASGBU-DRRTR-002,8/1/c6,HKGMEG-BRRTR-003,4/2/c4,GLB-C2C-MNL-HK10-100G,IH-ATZ-7471,BTG HKG IPL 9597950,IP,NASDR2-HKGBR3-11,100000,100,0%,Down due to C2C Outage,0,0.00000
HONGKONG,C2C,NASGBU-DRRTR-001,4/2/2 ,HKGMEG-BRRTR-003,1/1/c5,GLB-C2C-MNL-HK-11-100G,IH-AUZ-3740,BTG HKG IPL 9597950,IP,NASDR2-HKGBR3-12,100000,100,0%,Down due to C2C Outage,0,0.00000
HONGKONG,C2C,NASGBU-DRRTR-003,9/1/c2,HKGHK1-BRRTR-001,1/1/c1,GLB-C2C-MNL-HK-13-100G,"IH-AUZ-9209
",BTG HKG IPL 9597950,IP,NASDR3-HKGHK1,100000,100,0%,Down due to C2C Outage,0,0.00000
HONGKONG,C2C,NASGBU-DRRTR-003,1/1/c15,HKGMEG-BRRTR-004,9/1/c1 ,GLB-C2C-MNL-HK-14-100G,IH-AUZ-9992,BTG HKG IPL 9597950,IP,NASDR-HKGBR4,100000,100,0%,Down due to C2C Outage,0,0.00000
HONGKONG,SJC,NASGBU-DRRTR-001,5/1/3,HKGMEG-BRRTR-002,1/2/4,NSB/GT-MGI/GT DWA009,,A132148,IP,NSG-HKG10,10000,10,25%,,10,2.49365
HONGKONG,SJC,NASGBU-DRRTR-001,4/1/1,HKGMEG-BRRTR-002,7/1/2,NSB/GT-MGI/GT 64S003LAN,,  A131102,IP,NSG-HKG11,10000,10,24%,,10,2.41635
HONGKONG,SJC,NASGBU-DRRTR-001,4/1/32,HKGMEG-BRRTR-002,5/2/1,NSB/GT-MGI/GT 64S010LAN,,  A131464,IP,NSG-HKG12,10000,10,25%,,10,2.52798
HONGKONG,SJC,NASGBU-DRRTR-001,4/1/33,HKGMEG-BRRTR-002,5/2/3,NSB/GT-MGI/GT 64S011LAN,,  A131465,IP,NSG-HKG13,10000,10,24%,,10,2.42623
HONGKONG,SJC,NASGBU-DRRTR-001,4/1/34,HKGMEG-BRRTR-002,4/1/1,NSB/GT-MGI/GT 64S006OTU4,,  A131654,IP,NSG-HKG14,10000,10,24%,,10,2.42100
HONGKONG,SJC,NASGBU-DRRTR-001,5/1/10,HKGMEG-BRRTR-002,5/2/4,NSB/GT-MGI/GT 64S012LAN,,  A131466,IP,NSG-HKG15,10000,10,28%,,10,2.76340
HONGKONG,SJC,NASGBU-DRRTR-001,5/1/14,HKGMEG-BRRTR-002,10/2/2,NSB/GT-MGI/GT 64S022LAN,,  A131577,IP,NSG-HKG16,10000,10,25%,,10,2.48628
HONGKONG,SJC,NASGBU-DRRTR-001,5/1/23,HKGMEG-BRRTR-002,4/1/3,NSB/GT-MGI/GT 64S006OTU4,,  A131654,IP,NSG-HKG17,10000,10,26%,,10,2.56630
HONGKONG,SJC,NASGBU-DRRTR-001,5/1/24,HKGMEG-BRRTR-002,4/1/4,NSB/GT-MGI/GT 64S006OTU4,,  A131654,IP,NSG-HKG18,10000,10,24%,,10,2.41094
HONGKONG,SJC,NASGBU-DRRTR-001,5/1/36,HKGMEG-BRRTR-002,9/2/1,NSB/GT-MGI/GT 64S016LAN,,  A131571,IP,NSG-HKG19,10000,10,23%,,10,2.30865
HONGKONG,SJC,NASGBU-DRRTR-001,5/1/37,HKGMEG-BRRTR-002,9/2/2,NSB/GT-MGI/GT 64S017LAN,,  A131572,IP,NSG-HKG20,10000,10,24%,,10,2.40493
HONGKONG,SJC,NASGBU-DRRTR-001,5/1/38,HKGMEG-BRRTR-002,9/2/3,NSB/GT-MGI/GT 64S018LAN,,  A131573,IP,NSG-HKG21,10000,10,23%,,10,2.31964
HONGKONG,SJC,NASGBU-DRRTR-001,5/1/39,HKGMEG-BRRTR-002,9/2/4,NSB/GT-MGI/GT 64S019LAN,,   A131574,IP,NSG-HKG22,10000,10,24%,,10,2.37383
HONGKONG,SJC,NASGBU-DRRTR-001,5/1/40,HKGMEG-BRRTR-002,9/2/5,NSB/GT-MGI/GT 64S020LAN,,  A131575,IP,NSG-HKG23,10000,10,24%,,10,2.36150
HONGKONG,SJC,NASGBU-DRRTR-001,5/1/6,HKGMEG-BRRTR-002,2/2/9,NSB/GT-MGI/GT 64S001LAN,,  A130992,IP,NSG-HKG24,10000,10,24%,,10,2.40905
HONGKONG,SJC,NASGBU-DRRTR-001,4/1/4,HKGMEG-BRRTR-002,6/2/4,,,,IP,NSG-HKG25,10000,10,24%,,10,2.42047
HONGKONG,SJC,NASGBU-DRRTR-001,4/1/19,HKGMEG-BRRTR-002,6/2/7,NSB/GT-MGI/GT 64S009LAN ,,  A131362,IP,NSG-HKG26,10000,10,24%,,10,2.39092
HONGKONG,SJC,NASGBU-DRRTR-001,4/1/20,HKGMEG-BRRTR-002,6/2/8,NSB/GT-MGI/GT 64S002LAN ,,  A131361,IP,NSG-HKG27,10000,10,23%,,10,2.31524
HONGKONG,SJC,NASGBU-DRRTR-001,6/2/1,HKGMEG-BRRTR-002,4/1/5,NSB/GT-MGI/GT 64S006OTU4,,  A131654,IP,NSG-HKG28,10000,10,24%,,10,2.36517
HONGKONG,SJC,NASGBU-DRRTR-002,3/1/15,HKGMEG-BRRTR-002,1/2/3,NSB/GT-MGI/GT 64S004LAN,,  A131150 ,IP,NSG-HKG29,10000,10,23%,,10,2.31103
HONGKONG,SJC,NASGBU-DRRTR-002,3/1/27,HKGMEG-BRRTR-002,9/1/5,NSB/GT-MGI/GT 64S006OTU4,,  A131654,IP,NSG-HKG30,10000,10,25%,,10,2.51013
HONGKONG,SJC,NASGBU-DRRTR-002,3/1/28,HKGMEG-BRRTR-002,10/2/16,NSB/GT-MGI/GT 64S006OTU4,,  A131654,IP,NSG-HKG31,10000,10,24%,,10,2.38913
HONGKONG,SJC,NASGBU-DRRTR-002,3/1/30,HKGMEG-BRRTR-002,5/2/9,NSB/GT-MGI/GT 64S007LAN DLS 2-3,,  A131248,IP,NSG-HKG32,10000,10,25%,,10,2.49408
HONGKONG,SJC,NASGBU-DRRTR-002,3/1/31,HKGMEG-BRRTR-002,5/2/10,NSB/GT-MGI/GT 64S008LAN DLS 2-3,,  A131249,IP,NSG-HKG33,10000,10,24%,,10,2.37592
HONGKONG,SJC,NASGBU-DRRTR-002,3/1/32,HKGMEG-BRRTR-002,5/2/8,NSB/GT-MGI/GT 64S006LAN DLS 2-3 ,,  A131247,IP,NSG-HKG34,10000,10,24%,,10,2.36616
HONGKONG,SJC,NASGBU-DRRTR-002,4/1/15,HKGMEG-BRRTR-002,2/1/4,NSB/GT-MGI/GT 64S005LAN,,  A131151,IP,NSG-HKG35,10000,10,24%,,10,2.44513
HONGKONG,SJC,NASGBU-DRRTR-002,4/1/25,HKGMEG-BRRTR-002,7/1/8,NSB/GT-MGI/GT 64S005OTU4,,  A131609,IP,NSG-HKG36,10000,10,25%,,10,2.50180
HONGKONG,SJC,NASGBU-DRRTR-002,4/1/35,HKGMEG-BRRTR-002,10/2/1,NSB/GT-MGI/GT 64S021LAN,,  A131576,IP,NSG-HKG37,10000,10,25%,,10,2.49515
HONGKONG,SJC,NASGBU-DRRTR-002,4/1/38,HKGMEG-BRRTR-002,10/2/3,NSB/GT-MGI/GT 64S023LAN,,  A131578,IP,NSG-HKG38,10000,10,25%,,10,2.53851
HONGKONG,SJC,NASGBU-DRRTR-002,4/1/39,HKGMEG-BRRTR-002,10/2/4,NSB/GT-MGI/GT 64S024LAN,,   A131579,IP,NSG-HKG39,10000,10,26%,,10,2.61007
HONGKONG,SJC,NASGBU-DRRTR-002,4/1/23,HKGMEG-BRRTR-002,4/2/9,EQX/GT-NSB/GT  64S003LAN,,A131365,IP,NSG-HKG40,10000,10,26%,,10,2.56837
HONGKONG,SJC,NASGBU-DRRTR-002,4/1/24,HKGMEG-BRRTR-002,4/2/10,,,,IP,NSG-HKG41,10000,10,24%,,10,2.44319
HONGKONG,SJC,NASGBU-DRRTR-001,3/2/4,HKGMEG-BRRTR-003,2/1/c4,NSB/GT-MGI/GT 64S007GE100L  ,IH-ATZ-1509, A131943,IP,NSG-HKG3-1,100000,100,16%,,100,16.10346
HONGKONG,SJC,NASGBU-DRRTR-002,8/1/c1,HKGMEG-BRRTR-002,1/1/c5,GLB-C2C-MNL-HK-5-100G,IH-ATZ-2220,BTG HKG IPL 9597950,IP,NASDR1-HKGBR3-7,100000,100,98%,,100,98.34046
HONGKONG,SJC,NASGBU-DRRTR-001,2/2/c5,HKGMEG-BRRTR-003,1/2/c4,NSB/GT-MGI/GT 64S008GE100L,IH-AUZ-8342,A132244,IP,NASDR2-HKGBR3-13,100000,100,99%,,100,98.52644
HONGKONG,SJC,NASGBU-DRRTR-003,1/1/c13,HKGMEG-BRRTR-003,2/1/c5,NSB/GT-MGI/GT 64S010GE100L,IH-AUZ-9306,,IP,NSG to HKG 3-16,100000,100,97%,Restoral Cap.,100,97.43550
HONGKONG,SJC,NASGBU-DRRTR-003,2/2/c1,HKGMEG-BRRTR-003,6/1/c5,NSB/GT-MGI/GT 64S011GE100L,IH-AUZ-9307,,IP,NSG to HKG 3-17,100000,100,98%,Restoral Cap.,100,97.87150
HONGKONG,SJC,NASGBU-DRRTR-001,1/2/c2,HKGMEG-BRRTR-003,7/1/c2,NSB/GT-MGI/GT 64S012GE100L,IH-AUZ-9308,,IP,NSG to HKG 3-18,100000,100,0%,Reallocated to BRU-HAAS IPL,0,0.00000
HONGKONG,TGNIA,BLLTRS-DRRTR-001,4/2/2,HKGMEG-BRRTR-002,1/1/10,,,,IP,BAL-HKG 6,10000,10,23%,,10,2.25750
HONGKONG,TGNIA,BLLTRS-DRRTR-001,3/1/9,HKGMEG-BRRTR-002,6/2/6,FJH-P5G-NP12,,,IP,BAL-HKG 7,10000,10,23%,,10,2.27765
HONGKONG,TGNIA,BLLTRS-DRRTR-001,3/2/1,HKGMEG-BRRTR-002,7/1/7,FJH-P5G NP18,,,IP,BAL-HKG 8,10000,10,18%,,10,1.83626
HONGKONG,TGNIA,BLLTRS-DRRTR-001,3/2/4,HKGMEG-BRRTR-002,5/2/7,FJH-P5G NP28,,,IP,BAL-HKG 9,10000,10,19%,,10,1.93482
HONGKONG,TGNIA,BLLTRS-DRRTR-001,4/1/10,HKGMEG-BRRTR-002,7/1/6,FJH-P5G-NP13,,,IP,BAL-HKG 10,10000,10,18%,,10,1.84942
HONGKONG,TGNIA,BLLTRS-DRRTR-001,4/1/9,HKGMEG-BRRTR-002,6/2/9,FJHX-P5GX-NP7,,,IP,BAL-HKG 11,10000,10,19%,,10,1.91696
HONGKONG,TGNIA,BLLTRS-DRRTR-001,4/2/9,HKGMEG-BRRTR-002,2/1/1,A07YJ-A07YL NP1,IH-AQZ-4697,,IP,BAL-HKG 12,10000,10,24%,,10,2.35091
HONGKONG,TGNIA,BLLTRS-DRRTR-001,9/1/1,HKGMEG-BRRTR-002,5/1/9,A07YJ-A07YL NP3,IH-AQZ-4702,,IP,BAL-HKG 13,10000,10,22%,,10,2.23916
HONGKONG,TGNIA,BLLTRS-DRRTR-001,9/1/2,HKGMEG-BRRTR-002,10/1/7,A07YJ-A07YL NP5,IH-AQZ-4708,,IP,BAL-HKG 14,10000,10,19%,,10,1.90724
HONGKONG,TGNIA,BLLTRS-DRRTR-002,3/1/10,HKGMEG-BRRTR-002,6/2/5,FJH-P5G NP16,,,IP,BAL-HKG 15,10000,10,21%,,10,2.05393
HONGKONG,TGNIA,BLLTRS-DRRTR-002,3/1/11,HKGMEG-BRRTR-002,6/2/10,FJH-P5G NP17,,,IP,BAL-HKG 16,10000,10,23%,,10,2.27798
HONGKONG,TGNIA,BLLTRS-DRRTR-002,3/1/12,HKGMEG-BRRTR-002,10/2/10,FJH-P5G NP9,,,IP,BAL-HKG 17,10000,10,23%,,10,2.25891
HONGKONG,TGNIA,BLLTRS-DRRTR-002,3/1/15,HKGMEG-BRRTR-002,2/2/10,A07YJ-A07YL NP2,IH-AQZ-4699,,IP,BAL-HKG 18,10000,10,20%,,10,1.96825
HONGKONG,TGNIA,BLLTRS-DRRTR-002,4/1/10,HKGMEG-BRRTR-002,5/2/5,FJH-P5G NP30,,,IP,BAL-HKG 19,10000,10,19%,,10,1.86951
HONGKONG,TGNIA,BLLTRS-DRRTR-002,4/1/11,HKGMEG-BRRTR-002,5/2/6,FJH-P5G NP29,,,IP,BAL-HKG 20,10000,10,22%,,10,2.15888
HONGKONG,TGNIA,BLLTRS-DRRTR-002,4/1/2,HKGMEG-BRRTR-002,5/2/2,A07YJ-A07YL NP4,IH-AQZ-4705,,IP,BAL-HKG 21,10000,10,23%,,10,2.29012
HONGKONG,TGNIA,BLLTRS-DRRTR-001,1/1/C5,HKGMEG-BRRTR-003,1/2/C3,A07YJ-A07YL NP11,IH-ATZ-0799 ,1189158,IP,BAL to HKG3,100000,100,73%,,100,72.65929
HONGKONG,TGNIA,BLLTRS-DRRTR-001,1/2/c1,HKGMEG-BRRTR-003,6/2/c1,JY100-ZU100-NP2,IH-ATZ-0799 ,1302424,IP,BAL-HKGBR3-14,100000,100,67%,,100,67.49094
HONGKONG,TGNIA,BLLTRS-DRRTR-001,8/2/c1,HKGMEG-BRRTR-003,2/2/c5,JY100-ZU100-NP3,IH-ATZ-0799 ,1302426,IP,BAL-HKGBR3-15,100000,100,65%,,100,65.43651
JAPAN,TGNIA,BLLTRS-DRRTR-001,3/1/4,JPNEQX-BRRTR-001,1/2/8,G5SX-P5GX NP5 IH-AMZ-9065,,,IP,BAL-JPN 5,10000,10,53%,,10,5.26027
JAPAN,TGNIA,BLLTRS-DRRTR-001,3/2/8,JPNEQX-BRRTR-001,7/1/3,P5G-RH9 NP2,,OO1039370,IP,BAL-JPN 6,10000,10,51%,,10,5.09711
JAPAN,TGNIA,BLLTRS-DRRTR-001,3/1/7,JPNEQX-BRRTR-001,2/2/8,A07YJ-A07YO NP4,,OO1114299,IP,BAL-JPN 7,10000,10,55%,,10,5.49504
JAPAN,TGNIA,BLLTRS-DRRTR-001,3/2/5,JPNEQX-BRRTR-001,4/2/1,A07YJ-A07YO NP5,,OO1114300,IP,BAL-JPN 8,10000,10,52%,,10,5.24682
JAPAN,TGNIA,BLLTRS-DRRTR-001,4/2/8,JPNEQX-BRRTR-001,8/2/1,,,,IP,BAL-JPN 9,10000,10,54%,,10,5.38859
JAPAN,TGNIA,BLLTRS-DRRTR-001,3/2/9,JPNEQX-BRRTR-001,7/2/1,,,,IP,BAL-JPN 10,10000,10,79%,,10,7.92577
JAPAN,TGNIA,BLLTRS-DRRTR-001,3/2/3,JPNEQX-BRRTR-001,2/2/2,GHS-GJ1 NP3 (BH) + GJ1X-P5GX NP8,,,IP,BAL-JPN 11,10000,10,82%,,10,8.17336
JAPAN,TGNIA,BLLTRS-DRRTR-001,4/1/3,JPNEQX-BRRTR-001,2/1/2,BCM-GHS-NP3,,,IP,BAL-JPN 12,10000,10,81%,,10,8.06501
JAPAN,TGNIA,BLLTRS-DRRTR-001,4/1/4,JPNEQX-BRRTR-001,1/2/9,G5S-P5G NP4 IH-AMZ-9070,,,IP,BAL-JPN 13,10000,10,82%,,10,8.23522
JAPAN,TGNIA,BLLTRS-DRRTR-001,4/1/5,JPNEQX-BRRTR-001,1/2/10,G5S-P5G NP3 IH-AMZ-9071,,,IP,BAL-JPN 14,10000,10,80%,,10,7.99674
JAPAN,TGNIA,BLLTRS-DRRTR-001,4/1/7,JPNEQX-BRRTR-001,1/2/5,GHS-GJ1 NP4 (BH) + GJ1X-P5GX NP9,,,IP,BAL to JPN 15,10000,10,0%,Down - Legacy Capacity,0,0.00000
JAPAN,TGNIA,BLLTRS-DRRTR-001,9/1/3,JPNEQX-BRRTR-001,4/1/4,A07YJ-A07YO NP1,,,IP,BAL to JPN 19,10000,10,55%,,10,5.48250
JAPAN,TGNIA,BLLTRS-DRRTR-001,9/1/4,JPNEQX-BRRTR-001,4/2/4,GHS-GJ1 NP4 (BH) + GJ1X-P5GX NP9,,,IP,BAL to JPN  20,10000,10,51%,,10,5.09785
JAPAN,TGNIA,BLLTRS-DRRTR-002,3/1/21,JPNEQX-BRRTR-001,4/1/10,A07YJ-A0DUQ NP7,IH-ATZ-0597,1189100,IP,BAL to JPN  21,10000,10,48%,,10,4.81831
JAPAN,TGNIA,BLLTRS-DRRTR-002,4/1/12,JPNEQX-BRRTR-001,7/2/8,A07YJ-A0DUQ NP8,IH-ATZ-0598,1189101,IP,BAL to JPN 16,10000,10,0%,Down,0,0.00000
JAPAN,TGNIA,BLLTRS-DRRTR-002,9/1/10,JPNEQX-BRRTR-001,8/1/10,A07YJ-A0DUQ NP9,IH-ATZ-0599,1189152,IP,BAL to JPN 17,10000,10,0%,Down,0,0.00000
JAPAN,TGNIA,BLLTRS-DRRTR-002,9/1/11,JPNEQX-BRRTR-001,8/2/8,A07YJ-A0DUQ NP10,IH-ATZ-0600,1189153,IP,BAL to JPN 18,10000,10,0%,Down,0,0.00000
JAPAN,TGNIA,BLLTRS-DRRTR-002,5/2/c6,JPNTY2-BRRTR-001,2/1/1,A06KJ-ZU100-NP1,IH-AVZ-0935,,IP,BAL  to JPN TY2-1,100000,100,78%,,100,77.61944
JAPAN,SJC,NASGBU-DRRTR-001,4/1/7,JPNEQX-BRRTR-001,1/1/7,NSB/GT-CHK/GT 64S001LAN,,  A131001,IP,NSG-JPN 4,10000,10,51%,,10,5.11105
JAPAN,SJC,NASGBU-DRRTR-001,4/1/8,JPNEQX-BRRTR-001,1/1/8,NSB/GT-CHK/GT 64S002LAN,,  A130998 ,IP,NSG-JPN 5,10000,10,51%,,10,5.12831
JAPAN,SJC,NASGBU-DRRTR-001,5/1/7,JPNEQX-BRRTR-001,2/1/8,NSB/GT-CHK/GT 64S003LAN,,  A130999,IP,NSG-JPN 6,10000,10,42%,,10,4.22387
JAPAN,SJC,NASGBU-DRRTR-001,5/1/8,JPNEQX-BRRTR-001,2/1/9,NSB/GT-CHK/GT 64S004LAN,,  A131000,IP,NSG-JPN 7,10000,10,42%,,10,4.18806
JAPAN,SJC,NASGBU-DRRTR-001,5/2/39,JPNEQX-BRRTR-001,8/1/6,NSB/GT-CHK/GT 64S018LAN,IH-ATZ-1438,A131946,IP,NSG-JPN 8,10000,10,55%,,10,5.45390
JAPAN,SJC,NASGBU-DRRTR-001,5/2/40,JPNEQX-BRRTR-001,8/1/7,NSB/GT-CHK/GT 64S019LAN,IH-ATZ-1439,A131947,IP,NSG-JPN 9,10000,10,51%,,10,5.05935
JAPAN,SJC,NASGBU-DRRTR-001,6/2/12,JPNEQX-BRRTR-001,8/1/8,NSB/GT-CHK/GT 64S020LAN,IH-ATZ-1440,A131948,IP,NSG-JPN 10,10000,10,51%,,10,5.11848
JAPAN,SJC,NASGBU-DRRTR-001,6/2/13,JPNEQX-BRRTR-001,8/1/9,NSB/GT-CHK/GT 64S021LAN,IH-ATZ-1441,A131949,IP,NSG-JPN 11,10000,10,52%,,10,5.17352
JAPAN,SJC,NASGBU-DRRTR-001,6/2/14,JPNEQX-BRRTR-001,8/2/3,NSB/GT-CHK/GT 64S022LAN,IH-ATZ-1442,A131950,IP,NSG-JPN 12,10000,10,51%,,10,5.10902
JAPAN,SJC,NASGBU-DRRTR-001,6/2/15,JPNEQX-BRRTR-001,8/2/4,NSB/GT-CHK/GT 64S023LAN,IH-ATZ-1443,A131951,IP,NSG-JPN 13,10000,10,52%,,10,5.19055
JAPAN,SJC,NASGBU-DRRTR-003 ,9/1/c3,JPNTY2-BRRTR-001,1/1/1,NSB/GT-CHK/GT 64S026GE100L,IH-AVZ-0943,A132549,IP,NSG to JPN TY2-1,100000,100,57%,,100,57.35639
JAPAN,C2C,NASGBU-DRRTR-003,1/2/c7,JPNTY2-BRRTR-001,2/1/c2,BTG TOK LITCAP 90061813,IH-AWZ-2214,SFO-0231956,IP,NSG to JPN TY2-2,100000,100,57%,,100,56.92522
JAPAN,C2C,NASGBU-DRRTR-003,2/2/c7,JPNTY2-BRRTR-001,9/1/c4,BTG TOK LITCAP 90061816,IH-AWZ-2215,SFO-0231957,IP,NSG to JPN TY2-3,100000,100,58%,,100,57.73057
LA,SEA-US,DAVCLS-DRRTR-001,7/1/34,LAXOWB-BRRTR-001,5/2/4,DVO/GLB-LAP/GTI 10G00107, IH-ASZ-7978,R0058770,IP,DAV-LA 10,10000,10,0%,,0,0.00000
LA,SEA-US,DAVCLS-DRRTR-001,7/1/35,LAXOWB-BRRTR-001,5/2/5,DVO/GLB-LAP/GTI 10G00108, IH-ASZ-7979,R0058771,IP,DAV-LA 11,10000,10,0%,,0,0.00000
LA,SEA-US,DAVCLS-DRRTR-001,7/1/36,LAXOWB-BRRTR-001,5/2/6,DVO/GLB-LAP/GTI 10G00109, IH-ASZ-7980,R0058772,IP,DAV-LA 12,10000,10,0%,,0,0.00000
LA,SEA-US,DAVCLS-DRRTR-001,7/1/37,LAXOWB-BRRTR-001,5/2/7,DVO/GLB-LAP/GTI 10G00110, IH-ASZ-7981,R0058773,IP,DAV-LA 13,10000,10,0%,,0,0.00000
LA,SEA-US,DAVCLS-DRRTR-001,7/1/38,LAXOWB-BRRTR-001,5/2/8,DVO/GLB-LAP/GTI 10G00609, IH-ASZ-7982,R0058774,IP,DAV-LA 14,10000,10,0%,,0,0.00000
LA,SEA-US,DAVCLS-DRRTR-001,7/1/39,LAXOWB-BRRTR-001,5/2/9,DVO/GLB-LAP/GTI 10G00610, IH-ASZ-7984,R0058774,IP,DAV-LA 15,10000,10,0%,,0,0.00000
LA,SEA-US,DAVCLS-DRRTR-001,7/1/40,LAXOWB-BRRTR-001,5/2/10,DVO/GLB-LAP/GTI 10G00308, IH-ASZ-7986,R0058774,IP,DAV-LA 16,10000,10,0%,,0,0.00000
LA,SEA-US,DAVCLS-DRRTR-001,8/1/16,LAXOWB-BRRTR-001,8/1/1,DVO/GLB-LAP/GTI 10G00601, IH-ASZ-7660,R0058340,IP,DAV-LA 17,10000,10,0%,,0,0.00000
LA,SEA-US,DAVCLS-DRRTR-001,8/1/17,LAXOWB-BRRTR-001,8/1/2,DVO/GLB-LAP/GTI 10G00602, IH-ASZ-7661,R0058341,IP,DAV-LA 18,10000,10,0%,,0,0.00000
LA,SEA-US,DAVCLS-DRRTR-001,8/1/18,LAXOWB-BRRTR-001,8/1/3,DVO/GLB-LAP/GTI 10G00603, IH-ASZ-7662,R0058342,IP,DAV-LA 19,10000,10,0%,,0,0.00000
LA,SEA-US,DAVCLS-DRRTR-001,8/1/19,LAXOWB-BRRTR-001,8/1/4,DVO/GLB-LAP/GTI 10G00604, IH-ASZ-7663,R0058343,IP,DAV-LA 20,10000,10,0%,,0,0.00000
LA,SEA-US,DAVCLS-DRRTR-001,8/1/20,LAXOWB-BRRTR-001,8/1/5,DVO/GLB-LAP/GTI 10G00605, IH-ASZ-7664,R0058344,IP,DAV-LA 21,10000,10,0%,,0,0.00000
LA,SEA-US,DAVCLS-DRRTR-001,8/1/21,LAXOWB-BRRTR-001,8/1/6,DVO/GLB-LAP/GTI 10G00606, IH-ASZ-7665,R0058345,IP,DAV-LA 22,10000,10,0%,,0,0.00000
LA,SEA-US,DAVCLS-DRRTR-001,8/1/22,LAXOWB-BRRTR-001,8/1/7,DVO/GLB-LAP/GTI 10G00607, IH-ASZ-7666,R0058346,IP,DAV-LA 23,10000,10,0%,,0,0.00000
LA,SEA-US,DAVCLS-DRRTR-001,8/1/23,LAXOWB-BRRTR-001,8/1/8,DVO/GLB-LAP/GTI 10G00608, IH-ASZ-7668,R0058347,IP,DAV-LA 24,10000,10,0%,SEA-US Faulty Card,0,0.00000
LA,SEA-US,DAVCLS-DRRTR-002,1/1/c5,LAXOWB-BRRTR-002,1/1/c1,DVO/GLB-LAP/GTI 100G007,IH-ATZ-4446,R0080058,IP,DAVDR2 to LAXBR2-1,100000,100,0%,,0,0.00000
LA,SEA-US,DAVCLS-DRRTR-002,2/1/c5,LAXOWB-BRRTR-002,2/1/c1,DVO/GLB-LAP/GTI 100G008,IH-ATZ-4449,R0080059,IP,DAVDR2 to LAXBR2-2,100000,100,0%,,0,0.00000
SEATTLE,SEA-US,DAVCLS-DRRTR-001,7/1/13,SEATWB-BRRTR-001,3/1/4,DVO/GT-LAX/GTI 64S017LAN,IH-ARZ-9787,R0045560,IP,DAV-SEA 1,10000,10,0%,,0,0.00000
SEATTLE,SEA-US,DAVCLS-DRRTR-001,7/1/14,SEATWB-BRRTR-001,3/1/5,DVO/GT-LAX/GTI 64S018LAN ,IH-ARZ-9788,R0045561,IP,DAV-SEA 2,10000,10,0%,,0,0.00000
SEATTLE,SEA-US,DAVCLS-DRRTR-001,7/1/15,SEATWB-BRRTR-001,4/1/4,DVO/GT-LAX/GTI 64S019LAN,IH-ARZ-9789,R0045562,IP,DAV-SEA 3,10000,10,0%,,0,0.00000
SEATTLE,SEA-US,DAVCLS-DRRTR-001,7/1/4,SEATWB-BRRTR-001,3/1/1,DVO/GLB-LAP/GTI 100G002and DVO/GT-LAX/GTI 64S002OTU4,,R0018620,IP,DAV-SEA 4,10000,10,0%,,0,0.00000
SEATTLE,SEA-US,DAVCLS-DRRTR-001,7/1/5,SEATWB-BRRTR-001,3/1/2,DVO/GLB-LAP/GTI 100G002and DVO/GT-LAX/GTI 64S002OTU4,,R0018620,IP,DAV-SEA 5,10000,10,0%,,0,0.00000
SEATTLE,SEA-US,DAVCLS-DRRTR-001,8/1/11,SEATWB-BRRTR-001,4/1/5,DVO/GT-LAX/GTI 64S020LAN,IH-ARZ-9790,R0045563,IP,DAV-SEA 6,10000,10,0%,,0,0.00000
SEATTLE,SEA-US,DAVCLS-DRRTR-001,8/1/12,SEATWB-BRRTR-001,4/1/6,DVO/GT-LAX/GTI 64S021LAN,IH-ARZ-9791,R0045564,IP,DAV-SEA 7,10000,10,0%,,0,0.00000
SEATTLE,SEA-US,DAVCLS-DRRTR-001,8/1/4,SEATWB-BRRTR-001,3/1/3,DVO/GLB-LAP/GTI 100G002and DVO/GT-LAX/GTI 64S002OTU4,,R0018620,IP,DAV-SEA 8,10000,10,0%,,0,0.00000
SINGAPORE,SJC,NASGBU-DRRTR-001,5/2/29,SGPEQX-BRRTR-001,10/2/1,EQX/GT-NSB/GT 64S015LAN,IH-ATZ-1453,  A131932,IP,NAS-SNG8,10000,10,0%,,0,0.00000
SINGAPORE,SJC,NASGBU-DRRTR-001,5/2/30,SGPEQX-BRRTR-001,10/2/2,EQX/GT-NSB/GT 64S016LAN,IH-ATZ-1454,  A131933,IP,NAS-SNG21,10000,10,54%,,10,5.35589
SINGAPORE,SJC,NASGBU-DRRTR-001,5/2/31,SGPEQX-BRRTR-001,10/2/3,EQX/GT-NSB/GT 64S017LAN,IH-ATZ-1455,  A131934,IP,NAS-SNG22,10000,10,55%,,10,5.46058
SINGAPORE,SJC,NASGBU-DRRTR-001,5/2/32,SGPEQX-BRRTR-001,10/2/4,EQX/GT-NSB/GT 64S018LAN,IH-ATZ-1456,  A131935,IP,NAS-SNG24,10000,10,52%,,10,5.19396
SINGAPORE,SJC,NASGBU-DRRTR-001,5/2/33,SGPEQX-BRRTR-001,10/2/5,EQX/GT-NSB/GT 64S019LAN,IH-ATZ-1457,  A131936,IP,NAS-SNG25,10000,10,0%,Down,0,0.00000
SINGAPORE,SJC,NASGBU-DRRTR-001,5/2/34,SGPEQX-BRRTR-001,10/2/6,EQX/GT-NSB/GT 64S020LAN,IH-ATZ-1458,  A131937,IP,NAS-SNG26,10000,10,0%,Down,0,0.00000
SINGAPORE,SJC,NASGBU-DRRTR-001,5/2/35,SGPEQX-BRRTR-001,10/2/7,EQX/GT-NSB/GT 64S021LAN,IH-ATZ-1459,  A131938,IP,NAS-SNG27,10000,10,52%,,10,5.22640
SINGAPORE,SJC,NASGBU-DRRTR-001,5/2/36,SGPEQX-BRRTR-001,10/2/8,EQX/GT-NSB/GT 64S022LAN,IH-ATZ-1460,  A131939,IP,NSG to SNG 32,10000,10,54%,,10,5.37446
SINGAPORE,SJC,NASGBU-DRRTR-001,4/1/22,SGPEQX-BRRTR-001,2/1/3,EQX/GT-NSB/GT 64S005OTU2,,  A131364,IP,NSG to SNG 33,10000,10,53%,,10,5.33066
SINGAPORE,SJC,NASGBU-DRRTR-001,4/1/17,SGPEQX-BRRTR-001,2/2/3,EQX/GT-NSB/GT 64S007LAN ,,  A131597,IP,NSG to SNG 34,10000,10,54%,,10,5.36041
SINGAPORE,SJC,NASGBU-DRRTR-001,5/1/34,SGPEQX-BRRTR-001,2/2/4,EQX/GT-NSB/GT 64S008LAN,,,IP,NSG to SNG 35,10000,10,52%,,10,5.22910
SINGAPORE,SJC,NASGBU-DRRTR-001,4/1/23,SGPEQX-BRRTR-001,2/1/4,EQX/GT-NSB/GT 64S008LAN,,  A131598,IP,NSG to SNG 36,10000,10,53%,,10,5.29391
SINGAPORE,SJC,NASGBU-DRRTR-001,5/1/1,SGPEQX-BRRTR-001,2/1/5,EQX/GT-NSB/GT 64S006LAN,,  A131593,IP,NSG to SNG 37,10000,10,52%,,10,5.23210
SINGAPORE,SJC,NASGBU-DRRTR-001,5/2/1,SGPEQX-BRRTR-001,2/2/5,EQX/GT-NSB/GT 64S010LAN,,  A131600,IP,NSG to SNG 38,10000,10,53%,,10,5.31298
SINGAPORE,SJC,NASGBU-DRRTR-001,5/2/37,SGPEQX-BRRTR-001,10/2/9,EQX/GT-NSB/GT 64S023LAN,IH-ATZ-1461,  A131940,IP,NSG to SNG 32,10000,10,0%,Down,0,0.00000
SINGAPORE,SJC,NASGBU-DRRTR-002,3/1/5,SGPGSW-BRRTR-001,2/2/10,GSW/GT-NSB/GT 64S001LAN,,A130996,IP,NSG to SNG 37,10000,10,0%,Down,0,0.00000
SINGAPORE,SJC,NASGBU-DRRTR-002,3/1/2,SGPEQX-BRRTR-001,1/2/10,EQX/GT-NSB/GT 64S005OTU2e,,  A131163,IP,SG1-NAS,10000,10,0%,Down,0,0.00000
SINGAPORE,SJC,NASGBU-DRRTR-002,4/1/37,SGPEQX-BRRTR-001,3/2/3,NSB/GT-MGI/GT 64S026LAN,,  A131606,IP,NSG to SNG 36,10000,10,0%,Down,0,0.00000
SINGAPORE,SJC,NASGBU-DRRTR-002,4/1/36,SGPEQX-BRRTR-001,3/2/2,EQX/GT-NSB/GT 64S011LAN,,  A131601,IP,SG1-NAS,10000,10,0%,Down,0,0.00000
SINGAPORE,TGNIA,BLLTRS-DRRTR-001,3/1/17,SGPGSW-BRRTR-001,4/2/9,A07YD-A07YJ NP10,IH-ASZ-3878,1114267,IP,BAL - SNG 8,10000,10,0%,Reallocation to SG5 BR,0,0.00000
SINGAPORE,TGNIA,BLLTRS-DRRTR-001,3/1/8,SGPGSW-BRRTR-001,4/2/4,A07YD-A07YJ NP8,IH-ASZ-3874,1114265,IP,BAL - SNG 5,10000,10,0%,Reallocation to SG5 BR,0,0.00000
SINGAPORE,TGNIA,BLLTRS-DRRTR-001,3/2/2,SGPGSW-BRRTR-001,1/2/7,P5G-RH8 NP17,IH-ASZ-3362,,IP,BAL - SNG 4,10000,10,0%,Reallocation to SG5 BR,0,0.00000
SINGAPORE,TGNIA,BLLTRS-DRRTR-001,3/2/6,SGPGSW-BRRTR-002,2/1/1,A07YD-A07YJ NP11,IH-AQZ-4783,1114256,IP,BAL - SNG 9,10000,10,0%,Reallocation to SG5 BR,0,0.00000
SINGAPORE,TGNIA,BLLTRS-DRRTR-001,3/2/7,SGPGSW-BRRTR-002,2/1/2,A07YD-A07YJ NP12,IH-AQZ-4784,1114258,IP,BAL - SNG 10,10000,10,0%,Reallocation to SG5 BR,0,0.00000
SINGAPORE,TGNIA,BLLTRS-DRRTR-001,4/2/4,SGPGSW-BRRTR-001,1/2/5,A07YD-A07YJ NP9,IH-ASZ-3876,1114266,IP,BAL - SNG 3,10000,10,0%,Reallocation to SG5 BR,0,0.00000
SINGAPORE,TGNIA,BLLTRS-DRRTR-001,4/2/6,SGPGSW-BRRTR-002,2/1/3,A07YD-A07YJ NP13,IH-AQZ-4785,1114259,IP,BAL to SNG-2 1,10000,10,0%,Reallocation to SG5 BR,0,0.00000
SINGAPORE,TGNIA,BLLTRS-DRRTR-001,4/2/7,SGPGSW-BRRTR-002,2/1/4,A07YD-A07YJ NP14,IH-AQZ-4786,1114260,IP,BAL to SNG-2 2,10000,10,0%,Reallocation to SG5 BR,0,0.00000
SINGAPORE,TGNIA,BLLTRS-DRRTR-001,3/2/10,SGPEQX-BRRTR-001,1/1/10,P5G-PQ6 NP4 + P5G-RH8 NP14,,,IP,BAL-SNG,10000,10,0%,Down,0,0.00000
SINGAPORE,TGNIA,BLLTRS-DRRTR-001,9/1/6,SGPEQX-BRRTR-001,4/2/6,A07YD-A07YJ NP5,,OO1114274,IP,BAL - SNG 6,10000,10,0%,Down,0,0.00000
SINGAPORE,TGNIA,BLLTRS-DRRTR-001,9/1/7,SGPEQX-BRRTR-001,4/2/8,A07YD-A07YJ NP16,IH-ASZ-3363,,IP,BAL-SGPEQX-2,10000,10,42%,,10,4.18150
SINGAPORE,TGNIA,BLLTRS-DRRTR-002,3/1/18,SGPEQX-BRRTR-001,6/1/1,P5G-RH8 NP1,,,IP,BAL-SGPEQX-3,10000,10,40%,,10,4.00326
SINGAPORE,TGNIA,BLLTRS-DRRTR-002,3/1/19,SGPEQX-BRRTR-001,6/1/7,A07YD-A07YJ NP20,,,IP,BAL-SGPEQX-4,10000,10,40%,,10,3.98739
SINGAPORE,TGNIA,BLLTRS-DRRTR-002,3/1/4,SGPEQX-BRRTR-001,2/1/2,P5G-RH8 NP8,,,IP,BAL-SGPEQX-5,10000,10,39%,,10,3.94205
SINGAPORE,TGNIA,BLLTRS-DRRTR-002,4/1/4,SGPEQX-BRRTR-002,2/1/3,P5G-RH8 NP7,,,IP,BAL-SGPEQX-6,10000,10,41%,,10,4.09498
SINGAPORE,TGNIA,BLLTRS-DRRTR-002 ,8/2/c2,SGPEQX-BRRTR-002,6/1/c3,A07YD-A07YJ NP24,IH-ATZ-2125,11215155,IP,BAL-SGPEQX-7,100000,100,69%,,100,69.16024
SINGAPORE,TGNIA,BLLTRS-DRRTR-002 ,7/2/c1,SGPEQX-BRRTR-002,8/2/c2, IY100-ZU100 NP1,IH-AWZ-0510,1302408,IP,BAL-SGPEQX-8,100000,100,70%,,100,69.85761
SINGAPORE,C2C,NASGBU-DRRTR-001,1/1/c15,SGPGSW-BRRTR-002,4/1/c1,GLB-C2C-MNL-SG-9-100G,IH-ATZ-4390,BTG SNG IPL 9868743,IP,NASDR1-SGPGSW2-01,100000,100,0%,Down and For Reallocation,0,0.00000
SINGAPORE,C2C,NASGBU-DRRTR-001,1/1/c22,SGPEQX-BRRTR-002,5/1/c1,GLB-C2C-MNL-SG-6-100G,IH-ATZ-4387,BTG SNG IPL 9868743,IP,NASDR1-SGPEQX2-03,100000,100,71%,,100,70.66759
SINGAPORE,C2C,NASGBU-DRRTR-001,10/1/3,SGPEQX-BRRTR-002,1/2/C3,GLB-C2C-MNL-SG-1-100G,IH-ASZ-8707,BTG SNG IPL 9868743,IP,NASDR2-SGPEQX2-02,100000,100,47%,,100,47.12357
SINGAPORE,C2C,NASGBU-DRRTR-001,10/1/4,SGPEQX-BRRTR-002,1/2/C1,GLB-C2C-MNL-SG-2-100G,IH ASZ-8708,BTG SNG IPL 9868743,IP,NASDR2-SGPEQX2-03,100000,100,48%,,100,48.01588
SINGAPORE,C2C,NASGBU-DRRTR-002,5/1/c5,SGPEQX-BRRTR-002,5/1/c2,GLB-C2C-MNL-SG-7-100G,IH-ATZ-4388,BTG SNG IPL 9868743,IP,NSG to SNG 45,100000,100,31%,,100,31.12467
SINGAPORE,C2C,NASGBU-DRRTR-002,5/2/c1,SGPEQX-BRRTR-002,4/1/c1,GLB-C2C-MNL-SG-8-100G,IH-ATZ-4389,BTG SNG IPL 9868743,IP,NSG to SNG 46,100000,100,0%,,100,0.00000
SINGAPORE,C2C,NASGBU-DRRTR-001,1/2/c1,SGPEQX-BRRTR-002,5/2/c4,GLB-C2C-MNL-SG-16-100G,IH-AUZ-9304,BTG SNG IPL 9868743,IP,NSG to SNG 47,100000,100,31%,,100,30.77308
SINGAPORE,C2C,NASGBU-DRRTR-002,8/2/c1,SGPSG5-BRRTR-001,5/1/1,GLB-C2C-MNL-SG-14-100G,IH-ATZ-6675,BTG SNG IPL 9868743,IP,NSG to SNG 48,100000,100,71%, ,100,70.53811
SINGAPORE,C2C,NASGBU-DRRTR-002,1/1/C5,SGPEQX-BRRTR-002,1/1/C6,GLB-C2C-MNL-SG-3-100G,IH-ASZ-8712,BTG SNG IPL 9868743,IP,NSG to SNG 49,100000,100,48%,,100,47.66963
SINGAPORE,C2C,NASGBU-DRRTR-002,5/1/c2,SGPEQX-BRRTR-003,1/1/c2,GLB-C2C-MNL-SG-13-100G,IH-ATZ-6674,BTG SNG IPL 9868743,IP,NSG to SNG 50,100000,100,47%,,100,47.46973
SINGAPORE,C2C,NASGBU-DRRTR-003,1/1/c14,SGPEQX-BRRTR-001 ,9/2/c1,GLB-C2C-MNL-SG-15-100G,IH-AUZ-9303,BTG SNG IPL 9868743,IP,NSG to SNG 51,100000,100,52%,,100,51.73010
SINGAPORE,SJC,NASGBU-DRRTR-002,8/2/c2,SGPEQX-BRRTR-003,3/1/c2,EQX/GT-NSB/GT 64S006GE100L,IH-AUZ-1962,  A132040,IP,NSG to SNG 52,100000,100,48%,,100,47.62809
SINGAPORE,SJC,NASGBU-DRRTR-003,1/2/c2,SGPEQX-BRRTR-001,7/1/1,EQX/GT-NSB/GT 64S003GE100L,IH-AUZ-1958,  A132037,IP,NSG to SNG 29,100000,100,48%,,100,47.91787
SINGAPORE,SJC,NASGBU-DRRTR-003,2/1/c13,SGPEQX-BRRTR-001,7/2/1,EQX/GT-NSB/GT 64S004GE100L,IH-AUZ-1959,  A132038,IP,NSG to SNG 30,100000,100,69%,,100,69.39814
SINGAPORE,SJC,NASGBU-DRRTR-003,9/1/c1,SGPEQX-BRRTR-001,8/1/1,EQX/GT-NSB/GT 64S005GE100L,IH-AUZ-1961,  A132039,IP,NSG to SNG 31,100000,100,70%,,100,69.75178
SINGAPORE,SJC,NASGBU-DRRTR-002,2/2/c4,SGPEQX-BRRTR-002,4/2/c5,EQX/GT-NSB/GT 64S007GE100L,IH-AUZ-8321,A132243,IP,NSG to SGPSG-5,100000,100,17%,,100,17.04187